{
  "amazon": {
    "total_requests": 77,
    "total_failures": 44,
    "success_rate": 0.4285714285714286,
    "failure_rate": 0.5714285714285714,
    "avg_duration": 1.1575705757388821,
    "failure_types": {
      "element_missing": 44
    },
    "recent_failures": 40,
    "last_failure_time": 1770933444.109119,
    "health_score": 0.429
  },
  "bradley": {
    "total_requests": 205,
    "total_failures": 4,
    "success_rate": 0.19999999999999996,
    "failure_rate": 0.8,
    "avg_duration": 1.3342458713345402,
    "failure_types": {
      "network_error": 4
    },
    "recent_failures": 1,
    "last_failure_time": 1770996854.6223154,
    "health_score": 0.2
  }
}